word,phonetic,definition_zh,definition_en,example,tags,audio_file
a,/eɪ/,,The name of the Latin script letter A/a.,,basic;dale-chall;pos:noun,resource-packs/basic-dale-chall-foundation-2026-06-16/audio/a.mp3
able,/ˈeɪ.bl̩/,,Easy to use.,,basic;dale-chall;pos:adjective,resource-packs/basic-dale-chall-foundation-2026-06-16/audio/able.mp3
aboard,/əˈbɔɹd/,,"On board; into or within a ship or boat; hence, into or within a railway car.",We all climbed aboard.,basic;dale-chall;pos:adverb,resource-packs/basic-dale-chall-foundation-2026-06-16/audio/aboard.mp3
about,/əˈbaʊt/,,Moving around; astir.,"After my bout with Guillan-Barre Syndrome, it took me 6 months to be up and about again.",basic;dale-chall;pos:adjective,resource-packs/basic-dale-chall-foundation-2026-06-16/audio/about.mp3
above,/əˈbʌv/,,Heaven.,,basic;dale-chall;pos:noun,resource-packs/basic-dale-chall-foundation-2026-06-16/audio/above.mp3
absent,/ˈæb.sn̩t/,,"(with definite article) Something absent, especially absent people collectively; those who were or are not there.",,basic;dale-chall;pos:noun,resource-packs/basic-dale-chall-foundation-2026-06-16/audio/absent.mp3
accept,/əkˈsɛpt/,,"To receive, especially with a consent, with favour, or with approval.",,basic;dale-chall;pos:verb,resource-packs/basic-dale-chall-foundation-2026-06-16/audio/accept.mp3
accident,/ˈæk.sə.dənt/,,An unexpected event with negative consequences occurring without the intention of the one suffering the consequences.,to die by an accident,basic;dale-chall;pos:noun,resource-packs/basic-dale-chall-foundation-2026-06-16/audio/accident.mp3
account,/ə.ˈkaʊnt/,,"A registry of pecuniary transactions; a written or printed statement of business dealings or debts and credits, and also of other things subjected to a reckoning or review.",,basic;dale-chall;pos:noun,resource-packs/basic-dale-chall-foundation-2026-06-16/audio/account.mp3
ache,/eɪk/,,"Continued dull pain, as distinguished from sudden twinges, or spasmodic pain.",,basic;dale-chall;pos:noun,resource-packs/basic-dale-chall-foundation-2026-06-16/audio/ache.mp3
acorn,/ˈeɪ.kɔɹn/,,"The fruit of the oak, being an oval nut growing in a woody cup or cupule.",,basic;dale-chall;pos:noun,resource-packs/basic-dale-chall-foundation-2026-06-16/audio/acorn.mp3
acre,/ˈeɪ.kɚ/,,"An English unit of land area (symbol: a. or ac.) originally denoting a day's plowing for a yoke of oxen, now standardized as 4,840 square yards or 4,046.86 square meters.",,basic;dale-chall;pos:noun,resource-packs/basic-dale-chall-foundation-2026-06-16/audio/acre.mp3
across,/əˈkɹɔs/,,"(crosswords, often in combination) A word that runs horizontally in the completed puzzle grid or its associated clue.","I solved all of the acrosses, but then got stuck on 3 down.",basic;dale-chall;pos:noun,resource-packs/basic-dale-chall-foundation-2026-06-16/audio/across.mp3
act,/æk/,,"Something done, a deed.",an act of goodwill,basic;dale-chall;pos:noun,resource-packs/basic-dale-chall-foundation-2026-06-16/audio/act.mp3
acts,/æks/,,"Something done, a deed.",an act of goodwill,basic;dale-chall;pos:noun,resource-packs/basic-dale-chall-foundation-2026-06-16/audio/acts.mp3
add,/æd/,,An act or instance of adding.,,basic;dale-chall;pos:noun,resource-packs/basic-dale-chall-foundation-2026-06-16/audio/add.mp3
address,/æˈdɹɛs/,,Direction.,,basic;dale-chall;pos:noun,resource-packs/basic-dale-chall-foundation-2026-06-16/audio/address.mp3
admire,/ədˈmaɪɹ/,,To be amazed at; to view with surprise; to marvel at.,,basic;dale-chall;pos:verb,resource-packs/basic-dale-chall-foundation-2026-06-16/audio/admire.mp3
adventure,/ædˈvɛnt͡ʃɚ/,,"The encountering of risks; a bold undertaking, in which dangers are likely to be encountered, and the issue is staked upon unforeseen events; a daring feat.",,basic;dale-chall;pos:noun,resource-packs/basic-dale-chall-foundation-2026-06-16/audio/adventure.mp3
afraid,/əˈfɹeɪd/,,"(usually used predicatively, not attributively, be afraid) Impressed with fear or apprehension; in fear.",He is afraid of death.,basic;dale-chall;pos:adjective,resource-packs/basic-dale-chall-foundation-2026-06-16/audio/afraid.mp3
after,/ˈæf.tɚ/,,"Later; second (of two); next, following, subsequent",,basic;dale-chall;pos:adjective,resource-packs/basic-dale-chall-foundation-2026-06-16/audio/after.mp3
afternoon,/ˌæf.tɚ.ˈnun/,,"The part of the day from noon or lunchtime until sunset, evening, or suppertime or 6pm.",,basic;dale-chall;pos:noun,resource-packs/basic-dale-chall-foundation-2026-06-16/audio/afternoon.mp3
afterward,/ˈæf.tɚ.wɚd/,,(temporal location) At a later or succeeding time.,,basic;dale-chall;pos:adverb,resource-packs/basic-dale-chall-foundation-2026-06-16/audio/afterward.mp3
afterwards,/ˈæf.tɚ.wɚdz/,,(temporal location) At a later or succeeding time.,,basic;dale-chall;pos:adverb,resource-packs/basic-dale-chall-foundation-2026-06-16/audio/afterwards.mp3
again,/əˈɡeɪn/,,Another time; once more.,,basic;dale-chall;pos:adverb,resource-packs/basic-dale-chall-foundation-2026-06-16/audio/again.mp3
against,/əˈɡɛnst/,,In a contrary direction to.,It is hard work to swim against the current.,basic;dale-chall;pos:preposition,resource-packs/basic-dale-chall-foundation-2026-06-16/audio/against.mp3
age,/eɪd͡ʒ/,,"The whole duration of a being, whether animal, plant, or other kind, being alive.",,basic;dale-chall;pos:noun,resource-packs/basic-dale-chall-foundation-2026-06-16/audio/age.mp3
aged,/eɪdʒd/,,To cause to grow old; to impart the characteristics of age to.,Grief ages us.,basic;dale-chall;pos:verb,resource-packs/basic-dale-chall-foundation-2026-06-16/audio/aged.mp3
ago,/əˈɡoʊ/,,Gone; gone by; gone away; passed; passed away.,in days ago/in days agone,basic;dale-chall;pos:adjective,resource-packs/basic-dale-chall-foundation-2026-06-16/audio/ago.mp3
agree,/əˈɡɹi/,,"To harmonize in opinion, statement, or action; to be in unison or concord; to be or become united or consistent; to concur.",all parties agree in the expediency of the law.,basic;dale-chall;pos:verb,resource-packs/basic-dale-chall-foundation-2026-06-16/audio/agree.mp3
ah,/ɑː/,,"The speaker or writer, referred to as the grammatical subject, of a sentence.",,basic;dale-chall;pos:pronoun,resource-packs/basic-dale-chall-foundation-2026-06-16/audio/ah.mp3
ahead,/əˈhɛd/,,In or to the front; in advance; onward.,,basic;dale-chall;pos:adverb,resource-packs/basic-dale-chall-foundation-2026-06-16/audio/ahead.mp3
aid,/eɪd/,,"Help; assistance; succor, relief.",He came to my aid when I was foundering.,basic;dale-chall;pos:noun,resource-packs/basic-dale-chall-foundation-2026-06-16/audio/aid.mp3
aim,/eɪm/,,"The pointing of a weapon, as a gun, a dart, or an arrow, or object, in the line of direction with the object intended to be struck; the line of fire; the direction of anything, such as a spear, a blow, a discourse, a remark, towards a particular point or object, with a view to strike or affect it.",Take time with the aim of your gun.,basic;dale-chall;pos:noun,resource-packs/basic-dale-chall-foundation-2026-06-16/audio/aim.mp3
air,/ˈɛəɹ/,,"The substance constituting earth's atmosphere, particularly:",I'm going outside to get some air.,basic;dale-chall;pos:noun,resource-packs/basic-dale-chall-foundation-2026-06-16/audio/air.mp3
airplane,/ˈɛəɹˌpleɪ̯n/,,A powered heavier-than-air aircraft with fixed wings.,,basic;dale-chall;pos:noun,resource-packs/basic-dale-chall-foundation-2026-06-16/audio/airplane.mp3
airport,/ˈɛɹ.pɔɹt/,,"An airfield (an area designated for the takeoff and landing of aircraft), including one or more runways and (for commercial airports) one or more passenger terminals.","Because of this, and contrary to popular belief, British airports primarily act as giant wealth extractors, transporting our richest citizens out of the country as often as possible to take their money overseas. ― The Independent, Heathrow expansion to mainly benefit wealthy frequent fliers, research finds, 23 june 2018.",basic;dale-chall;pos:noun,resource-packs/basic-dale-chall-foundation-2026-06-16/audio/airport.mp3
airy,/ˈɛəɹ.i/,,Consisting of air.,an airy substance; the airy parts of bodies,basic;dale-chall;pos:adjective,resource-packs/basic-dale-chall-foundation-2026-06-16/audio/airy.mp3
alarm,/əˈlɑɹm/,,"A summons to arms, as on the approach of an enemy.",,basic;dale-chall;pos:noun,resource-packs/basic-dale-chall-foundation-2026-06-16/audio/alarm.mp3
alike,/əˈlaɪk/,,Having resemblance or similitude; similar; without difference.,The twins were alike.,basic;dale-chall;pos:adjective,resource-packs/basic-dale-chall-foundation-2026-06-16/audio/alike.mp3
alive,/əˈlaɪv/,,Having life; living; not dead,"As long as the plant is alive, he will continue to water it.",basic;dale-chall;pos:adjective,resource-packs/basic-dale-chall-foundation-2026-06-16/audio/alive.mp3
all,/ɔl/,,(with a possessive pronoun) Everything that one is capable of.,"She gave her all, and collapsed at the finish line.",basic;dale-chall;pos:noun,resource-packs/basic-dale-chall-foundation-2026-06-16/audio/all.mp3
alley,/ˈæ.li/,,"A narrow street or passageway, especially one through the middle of a block giving access to the rear of lots or buildings.",The parking lot to my friend's apartment building is in the alley.,basic;dale-chall;pos:noun,resource-packs/basic-dale-chall-foundation-2026-06-16/audio/alley.mp3
alligator,/ˈæl.ɪ.ɡeɪ.tɚ/,,"Either of two species of large amphibious reptile, Alligator mississippiensis or Alligator sinensis, in the genus Alligator within order Crocodilia, which have sharp teeth and very strong jaws and are native to the Americas and China, respectively.","All you could see of the alligator were its two eyes above the water, and suddenly it snatched up and caught the poor bird with its strong jaws full of sharp teeth.",basic;dale-chall;pos:noun,resource-packs/basic-dale-chall-foundation-2026-06-16/audio/alligator.mp3
allow,/əˈlaʊ/,,"To grant, give, admit, accord, afford, or yield; to let one have.",to allow a servant his liberty; to allow a free passage; to allow one day for rest,basic;dale-chall;pos:verb,resource-packs/basic-dale-chall-foundation-2026-06-16/audio/allow.mp3
almost,/ˈɑl.moʊst/,,Something or someone that doesn't quite make it.,"In all the submissions, they found four papers that were clearly worth publishing and another dozen almosts.",basic;dale-chall;pos:noun,resource-packs/basic-dale-chall-foundation-2026-06-16/audio/almost.mp3
alone,/əˈloʊn/,,"By oneself, solitary.",I can't ask for help because I am alone.,basic;dale-chall;pos:adjective,resource-packs/basic-dale-chall-foundation-2026-06-16/audio/alone.mp3
along,/əˈlɔŋ/,,In company; together.,John played the piano and everyone sang along.,basic;dale-chall;pos:adverb,resource-packs/basic-dale-chall-foundation-2026-06-16/audio/along.mp3
aloud,/əˈlaʊd/,,Spoken out loud.,,basic;dale-chall;pos:adjective,resource-packs/basic-dale-chall-foundation-2026-06-16/audio/aloud.mp3
already,/ɔlˈɹɛdi/,,"Prior to some specified time, either past, present, or future; by this time; previously.",,basic;dale-chall;pos:adverb,resource-packs/basic-dale-chall-foundation-2026-06-16/audio/already.mp3
also,/ˈɔl.soʊ/,,(focus) In addition; besides; as well; further; too.,"They had porridge for breakfast, and also toast.",basic;dale-chall;pos:adverb,resource-packs/basic-dale-chall-foundation-2026-06-16/audio/also.mp3
always,/ˈɔl.weɪz/,,At all times; throughout all time; since the beginning.,Airplanes did not always exist as a form of transportation.,basic;dale-chall;pos:adverb,resource-packs/basic-dale-chall-foundation-2026-06-16/audio/always.mp3
am,[ɛ̃ə̃ːm],,Before noon.,,basic;dale-chall;pos:adverb,resource-packs/basic-dale-chall-foundation-2026-06-16/audio/am.mp3
among,/əˈmɒŋ/,,Denotes a mingling or intermixing with distinct or separable objects. (See Usage Note at amidst.),How can you speak with authority about their customs when you have never lived among them?,basic;dale-chall;pos:preposition,resource-packs/basic-dale-chall-foundation-2026-06-16/audio/among.mp3
amount,/əˈmaʊnt/,,"The total, aggregate or sum of material (not applicable to discrete numbers or units or items in standard English).",The amount of atmospheric pollution threatens a health crisis.,basic;dale-chall;pos:noun,resource-packs/basic-dale-chall-foundation-2026-06-16/audio/amount.mp3
an,/æn/,,One,,basic;dale-chall;pos:numeral,resource-packs/basic-dale-chall-foundation-2026-06-16/audio/an.mp3
and,,,"In rhythm, the second half of a divided beat.",,basic;dale-chall;pos:noun,resource-packs/basic-dale-chall-foundation-2026-06-16/audio/and.mp3
angel,/ˈeɪn.dʒəl/,,"An incorporeal and sometimes divine messenger from a deity, or other divine entity, often depicted in art as a youthful winged figure in flowing robes.",,basic;dale-chall;pos:noun,resource-packs/basic-dale-chall-foundation-2026-06-16/audio/angel.mp3
anger,/ˈæŋɡɚ/,,"A strong feeling of displeasure, hostility or antagonism towards someone or something, usually combined with an urge to harm.",You need to control your anger.,basic;dale-chall;pos:noun,resource-packs/basic-dale-chall-foundation-2026-06-16/audio/anger.mp3
angry,/ˈæŋ.ɡɹi/,,Displaying or feeling anger.,An angry mob started looting the warehouse.,basic;dale-chall;pos:adjective,resource-packs/basic-dale-chall-foundation-2026-06-16/audio/angry.mp3
animal,/ˈænɪməl/,,"In scientific usage, a multicellular organism that is usually mobile, whose cells are not encased in a rigid cell wall (distinguishing it from plants and fungi) and which derives energy solely from the consumption of other organisms (distinguishing it from plants).","A cat is an animal, not a plant. Humans are also animals, under the scientific definition, as we are not plants.",basic;dale-chall;pos:noun,resource-packs/basic-dale-chall-foundation-2026-06-16/audio/animal.mp3
another,/æˈnʌð.ə(ɹ)/,,An additional one of the same kind.,There is one sterling and here is another,basic;dale-chall;pos:pronoun,resource-packs/basic-dale-chall-foundation-2026-06-16/audio/another.mp3
answer,/ˈæn.sɚ/,,A response or reply; something said or done in reaction to a statement or question.,Her answer to his proposal was a slap in the face.,basic;dale-chall;pos:noun,resource-packs/basic-dale-chall-foundation-2026-06-16/audio/answer.mp3
ant,/ænt/,,"Any of various insects in the family Formicidae in the order Hymenoptera, typically living in large colonies composed almost entirely of flightless females.",,basic;dale-chall;pos:noun,resource-packs/basic-dale-chall-foundation-2026-06-16/audio/ant.mp3
any,/ˈɛni/,,"To even the slightest extent, at all.",I will not remain here any longer.,basic;dale-chall;pos:adverb,resource-packs/basic-dale-chall-foundation-2026-06-16/audio/any.mp3
anybody,/ˈɛn.i.bɑd.i/,,Any one out of an indefinite number of persons; anyone; any person.,Anybody will do.,basic;dale-chall;pos:pronoun,resource-packs/basic-dale-chall-foundation-2026-06-16/audio/anybody.mp3
anyhow,/ˈæn.i.haʊ/,,(manner) In any way or manner whatever.,,basic;dale-chall;pos:adverb,resource-packs/basic-dale-chall-foundation-2026-06-16/audio/anyhow.mp3
anyone,/ˈæniˌwʌn/,,Any person; anybody.,Almost anyone can change a light bulb.,basic;dale-chall;pos:pronoun,resource-packs/basic-dale-chall-foundation-2026-06-16/audio/anyone.mp3
anything,/ˈɛn.i.θɪŋ/,,Someone or something of importance.,,basic;dale-chall;pos:noun,resource-packs/basic-dale-chall-foundation-2026-06-16/audio/anything.mp3
anyway,/ˈɛniweɪ/,,Regardless; anyhow.,"He didn't enjoy washing his car, but it was so dirty that he did it anyway.",basic;dale-chall;pos:adverb,resource-packs/basic-dale-chall-foundation-2026-06-16/audio/anyway.mp3
anywhere,/ˈɛn.i.(h)wɛɹ/,,In or at any location or an unknown location.,I don't know where I left my keys. They could be anywhere.,basic;dale-chall;pos:adverb,resource-packs/basic-dale-chall-foundation-2026-06-16/audio/anywhere.mp3
apart,/əˈpɑɹt/,,"(Used after a noun or in the predicate) Exceptional, distinct.",a world apart,basic;dale-chall;pos:adjective,resource-packs/basic-dale-chall-foundation-2026-06-16/audio/apart.mp3
apartment,/əˈpɑɹt.mənt/,,"A complete domicile occupying only part of a building, especially one for rent; a flat.",,basic;dale-chall;pos:noun,resource-packs/basic-dale-chall-foundation-2026-06-16/audio/apartment.mp3
ape,/eɪp/,,"A primate of the clade Hominoidea, generally larger than monkeys and distinguished from them by having no tail.",,basic;dale-chall;pos:noun,resource-packs/basic-dale-chall-foundation-2026-06-16/audio/ape.mp3
apiece,/əˈpis/,,Each by itself; for or to each one,These melons cost a dollar apiece.,basic;dale-chall;pos:adverb,resource-packs/basic-dale-chall-foundation-2026-06-16/audio/apiece.mp3
appear,/əˈpiɹ/,,To come or be in sight; to be in view; to become visible.,,basic;dale-chall;pos:verb,resource-packs/basic-dale-chall-foundation-2026-06-16/audio/appear.mp3
apple,/ˈæp.əl/,,"A common, round fruit produced by the tree Malus domestica, cultivated in temperate climates.",,basic;dale-chall;pos:noun,resource-packs/basic-dale-chall-foundation-2026-06-16/audio/apple.mp3
apron,/ˈeɪ.pɹən/,,An article of clothing worn over the front of the torso and/or legs for protection from spills; also historically worn by Freemasons and as part of women's fashion.,,basic;dale-chall;pos:noun,resource-packs/basic-dale-chall-foundation-2026-06-16/audio/apron.mp3
arise,/əˈɹaɪz/,,To come up from a lower to a higher position.,to arise from a kneeling posture,basic;dale-chall;pos:verb,resource-packs/basic-dale-chall-foundation-2026-06-16/audio/arise.mp3
arm,/ɑɹm/,,"The portion of the upper human appendage, from the shoulder to the wrist and sometimes including the hand.",She stood with her right arm extended and her palm forward to indicate “Stop!”,basic;dale-chall;pos:noun,resource-packs/basic-dale-chall-foundation-2026-06-16/audio/arm.mp3
armful,/ˈɑːmfʊl/,,The amount an arm or arms can hold.,,basic;dale-chall;pos:noun,resource-packs/basic-dale-chall-foundation-2026-06-16/audio/armful.mp3
army,/ˈɑɹ.mi/,,"A large, highly organized military force, concerned mainly with ground (rather than air or naval) operations.",The army was sent in to quell the uprising.,basic;dale-chall;pos:noun,resource-packs/basic-dale-chall-foundation-2026-06-16/audio/army.mp3
arose,/əˈɹoʊz/,,To come up from a lower to a higher position.,to arise from a kneeling posture,basic;dale-chall;pos:verb,resource-packs/basic-dale-chall-foundation-2026-06-16/audio/arose.mp3
around,/əˈɹaʊnd/,,"(with the verb ""to be"") Present in the vicinity.",Is Clare around today?,basic;dale-chall;pos:adjective,resource-packs/basic-dale-chall-foundation-2026-06-16/audio/around.mp3
arrange,/əˈɹeɪndʒ/,,To set up; to organize; to put into an orderly sequence or arrangement.,,basic;dale-chall;pos:verb,resource-packs/basic-dale-chall-foundation-2026-06-16/audio/arrange.mp3
arrive,/əˈɹaɪv/,,To reach; to get to a certain place.,He arrived home for two days.,basic;dale-chall;pos:verb,resource-packs/basic-dale-chall-foundation-2026-06-16/audio/arrive.mp3
arrived,/əˈɹaɪvd/,,To reach; to get to a certain place.,He arrived home for two days.,basic;dale-chall;pos:verb,resource-packs/basic-dale-chall-foundation-2026-06-16/audio/arrived.mp3
art,/ɑɹt/,,"The conscious production or arrangement of sounds, colours, forms, movements, or other elements in a manner that affects the senses and emotions, usually specifically the production of the beautiful in a graphic or plastic medium.",There is a debate as to whether graffiti is art or vandalism.,basic;dale-chall;pos:noun,resource-packs/basic-dale-chall-foundation-2026-06-16/audio/art.mp3
artist,/ˈɑɹ.tɪst/,,A person who creates art.,,basic;dale-chall;pos:noun,resource-packs/basic-dale-chall-foundation-2026-06-16/audio/artist.mp3
as,,,To such an extent or degree; to the same extent or degree.,"It's not as well made, but it's twice as expensive.",basic;dale-chall;pos:adverb,resource-packs/basic-dale-chall-foundation-2026-06-16/audio/as.mp3
ashes,/ˈæʃ.əz/,,The solid remains of a fire.,Ash from a fireplace can restore minerals to your garden's soil.,basic;dale-chall;pos:noun,resource-packs/basic-dale-chall-foundation-2026-06-16/audio/ashes.mp3
aside,/əˈsaɪd/,,An incidental remark made quietly so as to be heard by the person to whom it is said and not by any others in the vicinity.,,basic;dale-chall;pos:noun,resource-packs/basic-dale-chall-foundation-2026-06-16/audio/aside.mp3
ask,/eəsk/,,An act or instance of asking.,,basic;dale-chall;pos:noun,resource-packs/basic-dale-chall-foundation-2026-06-16/audio/ask.mp3
asleep,/əˈsliːp/,,"In a state of sleep; also, broadly, resting.",I was asleep when you called.,basic;dale-chall;pos:adjective,resource-packs/basic-dale-chall-foundation-2026-06-16/audio/asleep.mp3
at,,,"To reply to or talk to someone, either online or face-to-face. (from the practice of targeting a message or reply to someone online by writing @name)",Cars 2 is the most influential film of all time. Don't @ me.,basic;dale-chall;pos:verb,resource-packs/basic-dale-chall-foundation-2026-06-16/audio/at.mp3
ate,/eɪt/,,To ingest; to be ingested.,,basic;dale-chall;pos:verb,resource-packs/basic-dale-chall-foundation-2026-06-16/audio/ate.mp3
attack,/əˈtæk/,,"An attempt to cause damage, injury to, or death of opponent or enemy.",,basic;dale-chall;pos:noun,resource-packs/basic-dale-chall-foundation-2026-06-16/audio/attack.mp3
attend,/əˈtɛnd/,,To listen to (something or someone); to pay attention to; regard; heed.,,basic;dale-chall;pos:verb,resource-packs/basic-dale-chall-foundation-2026-06-16/audio/attend.mp3
attention,/əˈtɛn.ʃən/,,Mental focus.,Please direct your attention to the following words.,basic;dale-chall;pos:noun,resource-packs/basic-dale-chall-foundation-2026-06-16/audio/attention.mp3
august,/ɔːˈɡʌst/,,"Awe-inspiring, majestic, noble, venerable.",an august patron of the arts,basic;dale-chall;pos:adjective,resource-packs/basic-dale-chall-foundation-2026-06-16/audio/august.mp3
aunt,/eɪnt/,,The sister or sister-in-law of one’s parent.,,basic;dale-chall;pos:noun,resource-packs/basic-dale-chall-foundation-2026-06-16/audio/aunt.mp3
author,/ˈɔ.θɚ/,,"The originator or creator of a work, especially of a literary composition.",Have you read any Corinthian authors?,basic;dale-chall;pos:noun,resource-packs/basic-dale-chall-foundation-2026-06-16/audio/author.mp3
automobile,/ˈɔ.tə.moʊˌbil/,,"A type of vehicle designed to move on the ground under its own stored power and intended to carry a driver, a small number of additional passengers, and a very limited amount of other load. A car or motorcar.",,basic;dale-chall;pos:noun,resource-packs/basic-dale-chall-foundation-2026-06-16/audio/automobile.mp3
autumn,/ˈɔtəm/,,"Traditionally the third of the four seasons, when deciduous trees lose their leaves; typically regarded as being from September 24 to December 22 in parts of the Northern Hemisphere, and the months of March, April and May in the Southern Hemisphere.",,basic;dale-chall;pos:noun,resource-packs/basic-dale-chall-foundation-2026-06-16/audio/autumn.mp3
avenue,/ˈæv.əˌn(j)u/,,"A broad street, especially one bordered by trees.",,basic;dale-chall;pos:noun,resource-packs/basic-dale-chall-foundation-2026-06-16/audio/avenue.mp3
awake,/əˈweɪk/,,Not asleep; conscious.,,basic;dale-chall;pos:adjective,resource-packs/basic-dale-chall-foundation-2026-06-16/audio/awake.mp3
away,/əˈweɪ/,,To depart; to go to another place.,At 9 o'clock sharp he awayed to bed.,basic;dale-chall;pos:verb,resource-packs/basic-dale-chall-foundation-2026-06-16/audio/away.mp3
awful,/ˈɔfəl/,,Very bad.,My socks smell awful.,basic;dale-chall;pos:adjective,resource-packs/basic-dale-chall-foundation-2026-06-16/audio/awful.mp3
awfully,/ˈɔːfli/,,"Badly, terribly.","She led after the swiming and cycling, but ran awfully and came in fourth.",basic;dale-chall;pos:adverb,resource-packs/basic-dale-chall-foundation-2026-06-16/audio/awfully.mp3
awhile,/əˈhwaɪl/,,For some time; for a short time.,Sit with me awhile.,basic;dale-chall;pos:adverb,resource-packs/basic-dale-chall-foundation-2026-06-16/audio/awhile.mp3
ax,/æks/,,"A tool for felling trees or chopping wood etc. consisting of a heavy head flattened to a blade on one side, and a handle attached to it.",,basic;dale-chall;pos:noun,resource-packs/basic-dale-chall-foundation-2026-06-16/audio/ax.mp3
axe,/æks/,,"A tool for felling trees or chopping wood etc. consisting of a heavy head flattened to a blade on one side, and a handle attached to it.",,basic;dale-chall;pos:noun,resource-packs/basic-dale-chall-foundation-2026-06-16/audio/axe.mp3
baa,[bæ],,The characteristic cry or bleating of a sheep.,,basic;dale-chall;pos:noun,resource-packs/basic-dale-chall-foundation-2026-06-16/audio/baa.mp3
babe,/beɪb/,,A baby or infant; a very young human or animal.,These events came to pass when he was but a babe.,basic;dale-chall;pos:noun,resource-packs/basic-dale-chall-foundation-2026-06-16/audio/babe.mp3
back,/bæk/,,"The rear of the body, especially the part between the neck and the end of the spine and opposite the chest and belly.",Could you please scratch my back?,basic;dale-chall;pos:noun,resource-packs/basic-dale-chall-foundation-2026-06-16/audio/back.mp3
background,/ˈbæk.ɡɹaʊnd/,,"One's social heritage, or previous life; what one did in the past.",The lawyer had a background in computer science.,basic;dale-chall;pos:noun,resource-packs/basic-dale-chall-foundation-2026-06-16/audio/background.mp3
backward,/ˈbæk.wə(ɹ)d/,,The state behind or past.,,basic;dale-chall;pos:noun,resource-packs/basic-dale-chall-foundation-2026-06-16/audio/backward.mp3
bacon,/ˈbeɪ.kən/,,"Cured meat from the sides, belly or back of a pig.",,basic;dale-chall;pos:noun,resource-packs/basic-dale-chall-foundation-2026-06-16/audio/bacon.mp3
bad,/beəd/,,"Error, mistake.",,basic;dale-chall;pos:noun,resource-packs/basic-dale-chall-foundation-2026-06-16/audio/bad.mp3
badge,/bædʒ/,,"A distinctive mark, token, sign, emblem or cognizance, worn on one's clothing, as an insignia of some rank, or of the membership of an organization.",the badge of a society; the badge of a policeman,basic;dale-chall;pos:noun,resource-packs/basic-dale-chall-foundation-2026-06-16/audio/badge.mp3
badly,/ˈbæd.li/,,"Ill, unwell.",He's never badly.,basic;dale-chall;pos:adjective,resource-packs/basic-dale-chall-foundation-2026-06-16/audio/badly.mp3
bag,/ˈbeɪɡ/,,"A flexible container made of cloth, paper, plastic, etc.",,basic;dale-chall;pos:noun,resource-packs/basic-dale-chall-foundation-2026-06-16/audio/bag.mp3
bake,/beɪk/,,The act of cooking food by baking.,,basic;dale-chall;pos:noun,resource-packs/basic-dale-chall-foundation-2026-06-16/audio/bake.mp3
baker,/ˈbeɪ.kɚ/,,"A person who bakes and sells bread, cakes and similar items.",,basic;dale-chall;pos:noun,resource-packs/basic-dale-chall-foundation-2026-06-16/audio/baker.mp3
bakery,/ˈbeɪ.kə.ɹi/,,A shop in which bread (and often other baked goods such as cakes) is baked and/or sold.,,basic;dale-chall;pos:noun,resource-packs/basic-dale-chall-foundation-2026-06-16/audio/bakery.mp3
ball,/bɔːl/,,"A solid or hollow sphere, or roughly spherical mass.",a ball of spittle; a fecal ball,basic;dale-chall;pos:noun,resource-packs/basic-dale-chall-foundation-2026-06-16/audio/ball.mp3
balloon,/bəˈlun/,,"An inflatable buoyant object, often (but not necessarily) round and flexible.",,basic;dale-chall;pos:noun,resource-packs/basic-dale-chall-foundation-2026-06-16/audio/balloon.mp3
banana,/bəˈnænə/,,An elongated curved tropical fruit that grows in bunches and has a creamy flesh and a smooth skin.,,basic;dale-chall;pos:noun,resource-packs/basic-dale-chall-foundation-2026-06-16/audio/banana.mp3
band,/bænd/,,A strip of material used for strengthening or coupling.,,basic;dale-chall;pos:noun,resource-packs/basic-dale-chall-foundation-2026-06-16/audio/band.mp3
bang,/bæŋ(ɡ)/,,A sudden percussive noise.,"When he struck it with a hammer, there was a loud bang.",basic;dale-chall;pos:noun,resource-packs/basic-dale-chall-foundation-2026-06-16/audio/bang.mp3
banjo,/ˈbæn.dʒoʊ/,,"A stringed musical instrument (chordophone), usually with a round body, a membrane-like soundboard and a fretted neck, played by plucking or strumming the strings.",I come from Alabama with my banjo on my knee...,basic;dale-chall;pos:noun,resource-packs/basic-dale-chall-foundation-2026-06-16/audio/banjo.mp3
bank,/bæŋk/,,An institution where one can place and borrow money and take care of financial affairs.,,basic;dale-chall;pos:noun,resource-packs/basic-dale-chall-foundation-2026-06-16/audio/bank.mp3
banker,/ˈbæŋkə(ɹ)/,,"One who conducts the business of banking; one who, individually, or as a member of a company, keeps an establishment for the deposit or loan of money, or for traffic in money, bills of exchange, etc.",,basic;dale-chall;pos:noun,resource-packs/basic-dale-chall-foundation-2026-06-16/audio/banker.mp3
bar,/bɑɹ/,,"A solid, more or less rigid object of metal or wood with a uniform cross-section smaller than its length.",The window was protected by steel bars.,basic;dale-chall;pos:noun,resource-packs/basic-dale-chall-foundation-2026-06-16/audio/bar.mp3
barber,/ˈbɑɹ.bɚ/,,A person whose profession is cutting (usually male) customers' hair and beards.,,basic;dale-chall;pos:noun,resource-packs/basic-dale-chall-foundation-2026-06-16/audio/barber.mp3
bare,/bɛəɹ/,,"(‘the bare’) The surface, the (bare) skin.",,basic;dale-chall;pos:noun,resource-packs/basic-dale-chall-foundation-2026-06-16/audio/bare.mp3
barefoot,/ˈbɛɹfʊt/,,Wearing nothing on the feet.,"After taking off their shoes, socks and sandals at the doorway, the kids were barefoot.",basic;dale-chall;pos:adjective,resource-packs/basic-dale-chall-foundation-2026-06-16/audio/barefoot.mp3
bark,/bɑɹk/,,"The short, loud, explosive sound uttered by a dog, a fox, and some other animals.",,basic;dale-chall;pos:noun,resource-packs/basic-dale-chall-foundation-2026-06-16/audio/bark.mp3
barn,[bɑːn],,"A building, often found on a farm, used for storage or keeping animals such as cattle.",,basic;dale-chall;pos:noun,resource-packs/basic-dale-chall-foundation-2026-06-16/audio/barn.mp3
barrel,/ˈbæɹəl/,,"A round vessel or cask, of greater length than breadth, and bulging in the middle, made of staves bound with hoops, and having flat ends or heads. Sometimes applied to a similar cylindrical container made of metal, usually called a drum.",a cracker barrel,basic;dale-chall;pos:noun,resource-packs/basic-dale-chall-foundation-2026-06-16/audio/barrel.mp3
base,/beɪs/,,Something from which other things extend; a foundation.,,basic;dale-chall;pos:noun,resource-packs/basic-dale-chall-foundation-2026-06-16/audio/base.mp3
baseball,/ˈbeɪs.bɑl/,,"A sport common in North America, the Caribbean, and Japan, in which the object is to strike a ball so that one of a nine-person team can run counter-clockwise among four bases, resulting in the scoring of a run. The team with the most runs after termination of play, usually nine innings, wins.",,basic;dale-chall;pos:noun,resource-packs/basic-dale-chall-foundation-2026-06-16/audio/baseball.mp3
basement,/ˈbeɪsmənt/,,A floor of a building below ground level.,,basic;dale-chall;pos:noun,resource-packs/basic-dale-chall-foundation-2026-06-16/audio/basement.mp3
basket,/ˈbæskɪt/,,"A lightweight container, generally round, open at the top, and tapering toward the bottom.",A basket of fake fruit adorned the table.,basic;dale-chall;pos:noun,resource-packs/basic-dale-chall-foundation-2026-06-16/audio/basket.mp3
bat,/bæt/,,"Any of the flying mammals of the order Chiroptera, usually small and nocturnal, insectivorous or frugivorous.",,basic;dale-chall;pos:noun,resource-packs/basic-dale-chall-foundation-2026-06-16/audio/bat.mp3
batch,/bæt͡ʃ/,,The quantity of bread or other baked goods baked at one time.,We made a batch of cookies to take to the party.,basic;dale-chall;pos:noun,resource-packs/basic-dale-chall-foundation-2026-06-16/audio/batch.mp3
bath,[bæθ⁓bɛəθ⁓beəθ],,A tub or pool which is used for bathing: bathtub.,,basic;dale-chall;pos:noun,resource-packs/basic-dale-chall-foundation-2026-06-16/audio/bath.mp3
bathe,/beɪð/,,"The act of swimming or bathing, especially in the sea, a lake, or a river; a swimming bath.",I'm going to have a midnight bathe tonight.,basic;dale-chall;pos:noun,resource-packs/basic-dale-chall-foundation-2026-06-16/audio/bathe.mp3
bathing,/ˈbeɪˌðɪŋ(ɡ)/,,"To clean oneself by immersion in water or using water; to take a bath, have a bath.",,basic;dale-chall;pos:verb,resource-packs/basic-dale-chall-foundation-2026-06-16/audio/bathing.mp3
bathroom,/ˈbæθ.ɹuːm/,,"A room containing a shower and/or bathtub, and (typically but not necessarily) a toilet.",,basic;dale-chall;pos:noun,resource-packs/basic-dale-chall-foundation-2026-06-16/audio/bathroom.mp3
battle,/ˈbætl̩/,,"A contest, a struggle.",the battle of life,basic;dale-chall;pos:noun,resource-packs/basic-dale-chall-foundation-2026-06-16/audio/battle.mp3
bay,/beɪ/,,A berry.,,basic;dale-chall;pos:noun,resource-packs/basic-dale-chall-foundation-2026-06-16/audio/bay.mp3
beach,/bit͡ʃ/,,"The shore of a body of water, especially when sandy or pebbly.",,basic;dale-chall;pos:noun,resource-packs/basic-dale-chall-foundation-2026-06-16/audio/beach.mp3
bead,/biːd/,,"Prayer, later especially with a rosary.",,basic;dale-chall;pos:noun,resource-packs/basic-dale-chall-foundation-2026-06-16/audio/bead.mp3
beam,/biːm/,,"Any large piece of timber or iron long in proportion to its thickness, and prepared for use.",,basic;dale-chall;pos:noun,resource-packs/basic-dale-chall-foundation-2026-06-16/audio/beam.mp3
bean,/biːn/,,A reusable software component written in Java.,,basic;dale-chall;pos:noun,resource-packs/basic-dale-chall-foundation-2026-06-16/audio/bean.mp3
bear,/bɑɹ/,,"A large omnivorous mammal, related to the dog and raccoon, having shaggy hair, a very small tail, and flat feet; a member of family Ursidae.",,basic;dale-chall;pos:noun,resource-packs/basic-dale-chall-foundation-2026-06-16/audio/bear.mp3
beard,/biɚd/,,"Facial hair on the chin, cheeks, jaw and neck.",,basic;dale-chall;pos:noun,resource-packs/basic-dale-chall-foundation-2026-06-16/audio/beard.mp3
beast,/biːst/,,"Any animal other than a human; usually only applied to land vertebrates, especially large or dangerous four-footed ones.",,basic;dale-chall;pos:noun,resource-packs/basic-dale-chall-foundation-2026-06-16/audio/beast.mp3
beat,/biːt/,,A stroke; a blow.,,basic;dale-chall;pos:noun,resource-packs/basic-dale-chall-foundation-2026-06-16/audio/beat.mp3
beating,/ˈbiːtɪŋ/,,To hit; strike,"As soon as she heard that her father had died, she went into a rage and beat the wall with her fists until her knuckles bled.",basic;dale-chall;pos:verb,resource-packs/basic-dale-chall-foundation-2026-06-16/audio/beating.mp3
beautiful,/ˈbjuːtɪfəl/,,Someone who is beautiful. Can be used as a term of address.,"Hey, beautiful!",basic;dale-chall;pos:noun,resource-packs/basic-dale-chall-foundation-2026-06-16/audio/beautiful.mp3
beauty,/ˈbjuɾi/,,"The quality of being (especially visually) attractive, pleasing, fine or good-looking; comeliness.","1988, ""… beauty and recollection, like danger, glamour, greed, hunger- everything but disappointment and desire- were concepts belonging to other people.” -Second Son, Robert Ferro",basic;dale-chall;pos:noun,resource-packs/basic-dale-chall-foundation-2026-06-16/audio/beauty.mp3
became,/bɪˈkeɪm/,,"To arrive, come (to a place).",,basic;dale-chall;pos:verb,resource-packs/basic-dale-chall-foundation-2026-06-16/audio/became.mp3
because,/bɪˈkɒz/,,For the reason (that).,,basic;dale-chall;pos:adverb,resource-packs/basic-dale-chall-foundation-2026-06-16/audio/because.mp3
become,/biˈkʌm/,,"To arrive, come (to a place).",,basic;dale-chall;pos:verb,resource-packs/basic-dale-chall-foundation-2026-06-16/audio/become.mp3
becoming,/bəˈkʌmɪŋ/,,"To arrive, come (to a place).",,basic;dale-chall;pos:verb,resource-packs/basic-dale-chall-foundation-2026-06-16/audio/becoming.mp3
bed,/bɛd/,,"A piece of furniture, usually flat and soft, on which to rest or sleep.",My cat often sleeps on my bed. I keep a glass of water next to my bed when I sleep.,basic;dale-chall;pos:noun,resource-packs/basic-dale-chall-foundation-2026-06-16/audio/bed.mp3
bedroom,/ˈbɛdɹʊm/,,A room in a house where a bed is kept for sleeping.,Please don't enter my bedroom without knocking.,basic;dale-chall;pos:noun,resource-packs/basic-dale-chall-foundation-2026-06-16/audio/bedroom.mp3
bedtime,/ˈbɛdtaɪm/,,The time or hour at which one retires to bed in order to sleep.,,basic;dale-chall;pos:noun,resource-packs/basic-dale-chall-foundation-2026-06-16/audio/bedtime.mp3
bee,/ˈbiː/,,"A flying insect, of the clade Anthophila within the hymenopteran superfamily Apoidea, known for its organised societies (though only a minority have them), for collecting pollen and (in some species) producing wax and honey.",,basic;dale-chall;pos:noun,resource-packs/basic-dale-chall-foundation-2026-06-16/audio/bee.mp3
beech,/biːt͡ʃ/,,"A tree of the genus Fagus having a smooth, light grey trunk, oval, pointed leaves and many branches.",,basic;dale-chall;pos:noun,resource-packs/basic-dale-chall-foundation-2026-06-16/audio/beech.mp3
beef,/biːf/,,"The meat from a cow, bull or other bovine.",I love eating beef.,basic;dale-chall;pos:noun,resource-packs/basic-dale-chall-foundation-2026-06-16/audio/beef.mp3
beehive,/ˈbiːhaɪv/,,A 12- to 13-year-old participant in the Young Women organization of the LDS Church.,,basic;dale-chall;pos:noun,resource-packs/basic-dale-chall-foundation-2026-06-16/audio/beehive.mp3
been,/bɛn/,,"A flying insect, of the clade Anthophila within the hymenopteran superfamily Apoidea, known for its organised societies (though only a minority have them), for collecting pollen and (in some species) producing wax and honey.",,basic;dale-chall;pos:noun,resource-packs/basic-dale-chall-foundation-2026-06-16/audio/been.mp3
beer,/bɪɹ/,,"An alcoholic drink fermented from starch material, commonly barley malt, often with hops or some other substance to impart a bitter flavor.",Beer is brewed all over the world.,basic;dale-chall;pos:noun,resource-packs/basic-dale-chall-foundation-2026-06-16/audio/beer.mp3
before,/biˈfɔɹ/,,At an earlier time.,I've never done this before.,basic;dale-chall;pos:adverb,resource-packs/basic-dale-chall-foundation-2026-06-16/audio/before.mp3
beg,/bɛɡ/,,The act of begging; an imploring request.,,basic;dale-chall;pos:noun,resource-packs/basic-dale-chall-foundation-2026-06-16/audio/beg.mp3
began,/bɪˈɡæn/,,"To start, to initiate or take the first step into something.","I began playing the piano at the age of five. Now that everyone is here, we should begin the presentation.",basic;dale-chall;pos:verb,resource-packs/basic-dale-chall-foundation-2026-06-16/audio/began.mp3
beggar,/ˈbɛɡɚ/,,A person who begs.,,basic;dale-chall;pos:noun,resource-packs/basic-dale-chall-foundation-2026-06-16/audio/beggar.mp3
begged,/bɛɡd/,,"To request the help of someone, often in the form of money.",He begged on the street corner from passers-by.,basic;dale-chall;pos:verb,resource-packs/basic-dale-chall-foundation-2026-06-16/audio/begged.mp3
begin,/biˈɡɪn/,,Beginning; start.,,basic;dale-chall;pos:noun,resource-packs/basic-dale-chall-foundation-2026-06-16/audio/begin.mp3
beginning,/bɪˈɡɪn.ɪŋ/,,"The act of doing that which begins anything; commencement of an action, state, or space of time; entrance into being or upon a course; the first act, effort, or state of a succession of acts or states.",,basic;dale-chall;pos:noun,resource-packs/basic-dale-chall-foundation-2026-06-16/audio/beginning.mp3
begun,/bɪˈɡʌn/,,"To start, to initiate or take the first step into something.","I began playing the piano at the age of five. Now that everyone is here, we should begin the presentation.",basic;dale-chall;pos:verb,resource-packs/basic-dale-chall-foundation-2026-06-16/audio/begun.mp3
behave,/bəˈheɪv/,,"To conduct (oneself) well, or in a given way.","You need to behave yourself, young lady.",basic;dale-chall;pos:verb,resource-packs/basic-dale-chall-foundation-2026-06-16/audio/behave.mp3
behind,/bəˈhaɪnd/,,"The rear, back-end",,basic;dale-chall;pos:noun,resource-packs/basic-dale-chall-foundation-2026-06-16/audio/behind.mp3
being,/ˈbiŋ/,,A living creature.,,basic;dale-chall;pos:noun,resource-packs/basic-dale-chall-foundation-2026-06-16/audio/being.mp3
believe,/bi-/,,"To accept as true, particularly without absolute certainty (i.e., as opposed to knowing)",I believe there are faeries.,basic;dale-chall;pos:verb,resource-packs/basic-dale-chall-foundation-2026-06-16/audio/believe.mp3
bell,/bɛl/,,"A percussive instrument made of metal or other hard material, typically but not always in the shape of an inverted cup with a flared rim, which resonates when struck.",,basic;dale-chall;pos:noun,resource-packs/basic-dale-chall-foundation-2026-06-16/audio/bell.mp3
belong,/bɪˈlɔŋ/,,To have its proper place.,Where does this document belong?,basic;dale-chall;pos:verb,resource-packs/basic-dale-chall-foundation-2026-06-16/audio/belong.mp3
below,/bəˈloʊ/,,In a lower place.,,basic;dale-chall;pos:adverb,resource-packs/basic-dale-chall-foundation-2026-06-16/audio/below.mp3
belt,/bɛlt/,,"A band worn around the waist to hold clothing to one's body (usually pants), hold weapons (such as a gun or sword), or serve as a decorative piece of clothing.","As part of the act, the fat clown's belt broke, causing his pants to fall down.",basic;dale-chall;pos:noun,resource-packs/basic-dale-chall-foundation-2026-06-16/audio/belt.mp3
bench,/bɛntʃ/,,"A long seat with or without a back, found for example in parks and schools.",They sat on a park bench and tossed bread crumbs to the ducks and pigeons.,basic;dale-chall;pos:noun,resource-packs/basic-dale-chall-foundation-2026-06-16/audio/bench.mp3
bend,/bɛnd/,,A curve.,There's a sharp bend in the road ahead.,basic;dale-chall;pos:noun,resource-packs/basic-dale-chall-foundation-2026-06-16/audio/bend.mp3
beneath,/bɪˈniːθ/,,Below or underneath.,,basic;dale-chall;pos:adverb,resource-packs/basic-dale-chall-foundation-2026-06-16/audio/beneath.mp3
bent,/bɛnt/,,"To cause (something) to change its shape into a curve, by physical force, chemical action, or any other means.",Don’t bend your knees.,basic;dale-chall;pos:verb,resource-packs/basic-dale-chall-foundation-2026-06-16/audio/bent.mp3
berry,/ˈbɛɹi/,,"A small succulent fruit, of any one of many varieties.",,basic;dale-chall;pos:noun,resource-packs/basic-dale-chall-foundation-2026-06-16/audio/berry.mp3
beside,/biˈsaɪd/,,Otherwise; else.,,basic;dale-chall;pos:adverb,resource-packs/basic-dale-chall-foundation-2026-06-16/audio/beside.mp3
besides,/biˈsaɪdz/,,Also; in addition.,,basic;dale-chall;pos:adverb,resource-packs/basic-dale-chall-foundation-2026-06-16/audio/besides.mp3
best,/ˈbɛst/,,"The supreme effort one can make, or has made.",I did my best.,basic;dale-chall;pos:noun,resource-packs/basic-dale-chall-foundation-2026-06-16/audio/best.mp3
bet,/ˈbɛt/,,"A wager, an agreement between two parties that a stake (usually money) will be paid by the loser to the winner (the winner being the one who correctly forecast the outcome of an event).",Dylan owes Fletcher $30 from an unsuccessful bet.,basic;dale-chall;pos:noun,resource-packs/basic-dale-chall-foundation-2026-06-16/audio/bet.mp3
better,[ˈbɛɾɚ],,"An entity, usually animate, deemed superior to another; one who has a claim to precedence; a superior.",He quickly found Ali his better in the ring.,basic;dale-chall;pos:noun,resource-packs/basic-dale-chall-foundation-2026-06-16/audio/better.mp3
between,/bəˈtwin/,,"A kind of needle, shorter than a sharp, with a small rounded eye, used for making fine stitches on heavy fabrics.",,basic;dale-chall;pos:noun,resource-packs/basic-dale-chall-foundation-2026-06-16/audio/between.mp3
bib,/bɪb/,,An item of clothing for people (especially babies) tied around their neck to protect their clothes from getting dirty when eating.,,basic;dale-chall;pos:noun,resource-packs/basic-dale-chall-foundation-2026-06-16/audio/bib.mp3
bible,/ˈbaɪbəl/,,An exemplar of the Bible.,,basic;dale-chall;pos:noun,resource-packs/basic-dale-chall-foundation-2026-06-16/audio/bible.mp3
bicycle,/ˈbaɪsɪkl̩/,,"A vehicle that has two wheels, one behind the other, a steering handle, and a saddle seat or seats and is usually propelled by the action of a rider’s feet upon pedals.",,basic;dale-chall;pos:noun,resource-packs/basic-dale-chall-foundation-2026-06-16/audio/bicycle.mp3
bid,/bɪd/,,To issue a command; to tell.,He bade me come in.,basic;dale-chall;pos:verb,resource-packs/basic-dale-chall-foundation-2026-06-16/audio/bid.mp3
big,/bɪɡ/,,Someone or something that is large in stature,,basic;dale-chall;pos:noun,resource-packs/basic-dale-chall-foundation-2026-06-16/audio/big.ogg
bigger,/ˈbɪɡɚ/,,"Of great size, large.","Elephants are big animals, and they eat a lot.",basic;dale-chall;pos:adjective,resource-packs/basic-dale-chall-foundation-2026-06-16/audio/bigger.mp3
bill,/bɪl/,,"Any of various bladed or pointed hand weapons, originally designating an Anglo-Saxon sword, and later a weapon of infantry, especially in the 14th and 15th centuries, commonly consisting of a broad, heavy, double-edged, hook-shaped blade, with a short pike at the back and another at the top, attached to the end of a long staff.",,basic;dale-chall;pos:noun,resource-packs/basic-dale-chall-foundation-2026-06-16/audio/bill.mp3
bin,/bin/,,"A box, frame, crib, or enclosed place, used as a storage container.",a corn bin; a wine bin; a coal bin,basic;dale-chall;pos:noun,resource-packs/basic-dale-chall-foundation-2026-06-16/audio/bin.mp3
bind,/baɪnd/,,That which binds or ties.,,basic;dale-chall;pos:noun,resource-packs/basic-dale-chall-foundation-2026-06-16/audio/bind.mp3
bird,/bɝd/,,"A member of the class of animals Aves in the phylum Chordata, characterized by being warm-blooded, having feathers and wings usually capable of flight, and laying eggs.",Ducks and sparrows are birds.,basic;dale-chall;pos:noun,resource-packs/basic-dale-chall-foundation-2026-06-16/audio/bird.mp3
birth,/bɝθ/,,The process of childbearing; the beginning of life.,,basic;dale-chall;pos:noun,resource-packs/basic-dale-chall-foundation-2026-06-16/audio/birth.mp3
birthday,/ˈbɝθˌdeɪ/,,The anniversary of the day on which someone is born.,,basic;dale-chall;pos:noun,resource-packs/basic-dale-chall-foundation-2026-06-16/audio/birthday.mp3
biscuit,/ˈbɪskɪt/,,"(rare in the US) A small, flat, baked good which is either hard and crisp or else soft but firm: a cookie.",,basic;dale-chall;pos:noun,resource-packs/basic-dale-chall-foundation-2026-06-16/audio/biscuit.mp3
bit,/bɪt/,,A piece of metal placed in a horse's mouth and connected to the reins to direct the animal.,A horse hates having a bit put in its mouth.,basic;dale-chall;pos:noun,resource-packs/basic-dale-chall-foundation-2026-06-16/audio/bit.mp3
bite,/baɪt/,,The act of biting.,,basic;dale-chall;pos:noun,resource-packs/basic-dale-chall-foundation-2026-06-16/audio/bite.mp3
bitter,/ˈbɪtəɹ/,,"(usually in the plural bitters) A liquid or powder, made from bitter herbs, used in mixed drinks or as a tonic.",,basic;dale-chall;pos:noun,resource-packs/basic-dale-chall-foundation-2026-06-16/audio/bitter.mp3
black,/blak/,,"The colour/color perceived in the absence of light, but also when no light is reflected, but rather absorbed.",,basic;dale-chall;pos:noun,resource-packs/basic-dale-chall-foundation-2026-06-16/audio/black.mp3
blackberry,/ˈblækbeɹi/,,A fruit-bearing shrub of the species Rubus fruticosus and some hybrids.,,basic;dale-chall;pos:noun,resource-packs/basic-dale-chall-foundation-2026-06-16/audio/blackberry.mp3
blackbird,/ˈblækˌbɚd/,,"A common true thrush, Turdus merula, found in woods and gardens over much of Eurasia, and introduced elsewhere.",,basic;dale-chall;pos:noun,resource-packs/basic-dale-chall-foundation-2026-06-16/audio/blackbird.mp3
blackboard,/ˈblækboɹd/,,"A large flat surface, finished with black slate or a similar material, that can be written upon with chalk and subsequently erased; a chalkboard.",,basic;dale-chall;pos:noun,resource-packs/basic-dale-chall-foundation-2026-06-16/audio/blackboard.mp3
blacksmith,/ˈblæk.smɪθ/,,A person who forges iron.,,basic;dale-chall;pos:noun,resource-packs/basic-dale-chall-foundation-2026-06-16/audio/blacksmith.mp3
blame,/bleɪm/,,Censure.,Blame came from all directions.,basic;dale-chall;pos:noun,resource-packs/basic-dale-chall-foundation-2026-06-16/audio/blame.mp3
blank,/blæŋk/,,"A small French coin, originally of silver, afterwards of copper, worth 5 deniers; also a silver coin of Henry V current in the parts of France then held by the English, worth about 8 pence .",,basic;dale-chall;pos:noun,resource-packs/basic-dale-chall-foundation-2026-06-16/audio/blank.mp3
blanket,/ˈblæŋkɪt/,,"A heavy, loosely woven fabric, usually large and woollen, used for warmth while sleeping or resting.","The baby was cold, so his mother put a blanket over him.",basic;dale-chall;pos:noun,resource-packs/basic-dale-chall-foundation-2026-06-16/audio/blanket.mp3
blast,/blɑːst/,,A violent gust of wind.,,basic;dale-chall;pos:noun,resource-packs/basic-dale-chall-foundation-2026-06-16/audio/blast.mp3
blaze,/bleɪz/,,"A fire, especially a fast-burning fire producing a lot of flames and light.",,basic;dale-chall;pos:noun,resource-packs/basic-dale-chall-foundation-2026-06-16/audio/blaze.mp3
bless,/blɛs/,,"To make something holy by religious rite, sanctify.",,basic;dale-chall;pos:verb,resource-packs/basic-dale-chall-foundation-2026-06-16/audio/bless.mp3
blessing,/ˈblɛs.ɪŋ/,,"To make something holy by religious rite, sanctify.",,basic;dale-chall;pos:verb,resource-packs/basic-dale-chall-foundation-2026-06-16/audio/blessing.mp3
blew,/bluː/,,To produce an air current.,,basic;dale-chall;pos:verb,resource-packs/basic-dale-chall-foundation-2026-06-16/audio/blew.mp3
blind,/blaɪnd/,,A covering for a window to keep out light. The covering may be made of cloth or of narrow slats that can block light or allow it to pass.,,basic;dale-chall;pos:noun,resource-packs/basic-dale-chall-foundation-2026-06-16/audio/blind.mp3
block,/blɑk/,,"A substantial, often approximately cuboid, piece of any substance.",a block of ice,basic;dale-chall;pos:noun,resource-packs/basic-dale-chall-foundation-2026-06-16/audio/block.mp3
blood,/blʌd/,,A member of the Los Angeles gang The Bloods.,,basic;dale-chall;pos:noun,resource-packs/basic-dale-chall-foundation-2026-06-16/audio/blood.mp3
bloom,/bluːm/,,A blossom; the flower of a plant; an expanded bud.,,basic;dale-chall;pos:noun,resource-packs/basic-dale-chall-foundation-2026-06-16/audio/bloom.mp3
blossom,/ˈblɒ.səm/,,"A flower, especially one indicating that a fruit tree is fruiting; a mass of such flowers.",The blossom has come early this year.,basic;dale-chall;pos:noun,resource-packs/basic-dale-chall-foundation-2026-06-16/audio/blossom.mp3
blot,/blɑt/,,"A blemish, spot or stain made by a coloured substance.",,basic;dale-chall;pos:noun,resource-packs/basic-dale-chall-foundation-2026-06-16/audio/blot.mp3
blow,/bloʊ/,,A strong wind.,We're having a bit of a blow this afternoon.,basic;dale-chall;pos:noun,resource-packs/basic-dale-chall-foundation-2026-06-16/audio/blow.mp3
blue,/blu/,,"The colour of the clear sky or the deep sea, between green and violet in the visible spectrum, and one of the primary additive colours for transmitted light; the colour obtained by subtracting red and green from white light using magenta and cyan filters; or any colour resembling this.",,basic;dale-chall;pos:noun,resource-packs/basic-dale-chall-foundation-2026-06-16/audio/blue.mp3
blueberry,/ˈblu.ˌbɛ.ɹi/,,"An edible round berry, belonging to the cowberry group (Vaccinium sect. Cyanococcus), with flared crowns at the end, that turns blue on ripening.",,basic;dale-chall;pos:noun,resource-packs/basic-dale-chall-foundation-2026-06-16/audio/blueberry.mp3
blush,/blʌʃ/,,"An act of blushing; a red glow on the face caused by shame, modesty, etc.",,basic;dale-chall;pos:noun,resource-packs/basic-dale-chall-foundation-2026-06-16/audio/blush.mp3
boast,/boʊst/,,A brag; ostentatious positive appraisal of oneself.,,basic;dale-chall;pos:noun,resource-packs/basic-dale-chall-foundation-2026-06-16/audio/boast.mp3
boat,/boʊt/,,"A craft used for transportation of goods, fishing, racing, recreational cruising, or military use on or in the water, propelled by oars or outboard motor or inboard motor or by wind.",,basic;dale-chall;pos:noun,resource-packs/basic-dale-chall-foundation-2026-06-16/audio/boat.mp3
bob,/bɒb/,,A bobbing motion; a quick up and down movement.,a bob of the head,basic;dale-chall;pos:noun,resource-packs/basic-dale-chall-foundation-2026-06-16/audio/bob.mp3
body,/ˈbɑdi/,,Physical frame.,,basic;dale-chall;pos:noun,resource-packs/basic-dale-chall-foundation-2026-06-16/audio/body.mp3
boil,/bɔɪl/,,"A localized accumulation of pus in the skin, resulting from infection.",,basic;dale-chall;pos:noun,resource-packs/basic-dale-chall-foundation-2026-06-16/audio/boil.mp3
bold,/boʊld/,,A dwelling; habitation; building.,,basic;dale-chall;pos:noun,resource-packs/basic-dale-chall-foundation-2026-06-16/audio/bold.mp3
bone,/ˈboʊn/,,A composite material consisting largely of calcium phosphate and collagen and making up the skeleton of most vertebrates.,,basic;dale-chall;pos:noun,resource-packs/basic-dale-chall-foundation-2026-06-16/audio/bone.mp3
bonnet,/ˈbɑn.ɪt/,,"A type of hat, once worn by women or children, held in place by ribbons tied under the chin.",,basic;dale-chall;pos:noun,resource-packs/basic-dale-chall-foundation-2026-06-16/audio/bonnet.mp3
boo,/buː/,,A derisive shout made to indicate disapproval.,,basic;dale-chall;pos:noun,resource-packs/basic-dale-chall-foundation-2026-06-16/audio/boo.mp3
book,/buːk/,,"A collection of sheets of paper bound together to hinge at one edge, containing printed or written material, pictures, etc.",He was frustrated because he couldn't find anything about dinosaurs in the book.,basic;dale-chall;pos:noun,resource-packs/basic-dale-chall-foundation-2026-06-16/audio/book.mp3
boom,/buːm/,,"A low-pitched, resonant sound, such as of an explosion.",The boom of the surf.,basic;dale-chall;pos:noun,resource-packs/basic-dale-chall-foundation-2026-06-16/audio/boom.mp3
boot,/but/,,A heavy shoe that covers part of the leg.,,basic;dale-chall;pos:noun,resource-packs/basic-dale-chall-foundation-2026-06-16/audio/boot.mp3
born,/ˈbɔɹn/,,"To carry or convey, literally or figuratively.","Judging from the look on his face, he wasn't bearing good news.",basic;dale-chall;pos:verb,resource-packs/basic-dale-chall-foundation-2026-06-16/audio/born.mp3
borrow,/ˈbɑɹoʊ/,,Deviation of the path of a rolling ball from a straight line; slope; slant.,This putt has a big left-to right borrow on it.,basic;dale-chall;pos:noun,resource-packs/basic-dale-chall-foundation-2026-06-16/audio/borrow.mp3
boss,/bɒs/,,A person who oversees and directs the work of others; a supervisor.,,basic;dale-chall;pos:noun,resource-packs/basic-dale-chall-foundation-2026-06-16/audio/boss.mp3
both,/boʊθ/,,"Each of the two, or of the two kinds.","""Did you want this one or that one?"" — ""Give me both.""",basic;dale-chall;pos:pronoun,resource-packs/basic-dale-chall-foundation-2026-06-16/audio/both.mp3
bother,[ˈbɒðə(ɹ)],,"Fuss, ado.",There was a bit of bother at the hairdresser's when they couldn't find my appointment in the book.,basic;dale-chall;pos:noun,resource-packs/basic-dale-chall-foundation-2026-06-16/audio/bother.mp3
bottle,/ˈbɒ.təl/,,"A container, typically made of glass or plastic and having a tapered neck, used primarily for holding liquids.",Beer is often sold in bottles.,basic;dale-chall;pos:noun,resource-packs/basic-dale-chall-foundation-2026-06-16/audio/bottle.mp3
bottom,/ˈbɑtəm/,,The lowest part of anything.,Footers appear at the bottoms of pages.,basic;dale-chall;pos:noun,resource-packs/basic-dale-chall-foundation-2026-06-16/audio/bottom.mp3
bought,/bɔt/,,To obtain (something) in exchange for money or goods,I'm going to buy my father something nice for his birthday.,basic;dale-chall;pos:verb,resource-packs/basic-dale-chall-foundation-2026-06-16/audio/bought.mp3
bounce,/baʊns/,,A change of direction of motion after hitting the ground or an obstacle.,,basic;dale-chall;pos:noun,resource-packs/basic-dale-chall-foundation-2026-06-16/audio/bounce.mp3
bow,/boʊ/,,"A weapon made of a curved piece of wood or other flexible material whose ends are connected by a string, used for shooting arrows.",,basic;dale-chall;pos:noun,resource-packs/basic-dale-chall-foundation-2026-06-16/audio/bow.mp3
bowl,/boʊɫ/,,"A roughly hemispherical container used to hold, mix or present food, such as salad, fruit or soup, or other items.",,basic;dale-chall;pos:noun,resource-packs/basic-dale-chall-foundation-2026-06-16/audio/bowl.mp3
box,/bɑks/,,Senses relating to a three-dimensional object or space.,,basic;dale-chall;pos:noun,resource-packs/basic-dale-chall-foundation-2026-06-16/audio/box.mp3
boxes,/ˈbɑksɪz/,,Senses relating to a three-dimensional object or space.,,basic;dale-chall;pos:noun,resource-packs/basic-dale-chall-foundation-2026-06-16/audio/boxes.mp3
boy,/bɔːə/,,A young male.,Kate is dating a boy named Jim.,basic;dale-chall;pos:noun,resource-packs/basic-dale-chall-foundation-2026-06-16/audio/boy.mp3
brain,/bɹeɪn/,,"The control center of the central nervous system of an animal located in the skull which is responsible for perception, cognition, attention, memory, emotion, and action.",,basic;dale-chall;pos:noun,resource-packs/basic-dale-chall-foundation-2026-06-16/audio/brain.mp3
brake,/bɹeɪk/,,A fern; bracken.,,basic;dale-chall;pos:noun,resource-packs/basic-dale-chall-foundation-2026-06-16/audio/brake.mp3
bran,/ˈbɹæn/,,"The broken coat of the seed of wheat, rye, or other cereal grain, separated from the flour or meal by sifting or bolting; the coarse, chaffy part of ground grain.",,basic;dale-chall;pos:noun,resource-packs/basic-dale-chall-foundation-2026-06-16/audio/bran.mp3
branch,/bɹæntʃ/,,The woody part of a tree arising from the trunk and usually dividing.,,basic;dale-chall;pos:noun,resource-packs/basic-dale-chall-foundation-2026-06-16/audio/branch.mp3
brass,/bɹæs/,,A metallic alloy of copper and zinc used in many industrial and plumbing applications.,,basic;dale-chall;pos:noun,resource-packs/basic-dale-chall-foundation-2026-06-16/audio/brass.mp3
brave,/bɹeɪv/,,A Native American warrior.,,basic;dale-chall;pos:noun,resource-packs/basic-dale-chall-foundation-2026-06-16/audio/brave.mp3
bread,/bɹɛd/,,A foodstuff made by baking dough made from cereals.,,basic;dale-chall;pos:noun,resource-packs/basic-dale-chall-foundation-2026-06-16/audio/bread.mp3
break,/bɹeɪk/,,An instance of breaking something into two or more pieces.,The femur has a clean break and so should heal easily.,basic;dale-chall;pos:noun,resource-packs/basic-dale-chall-foundation-2026-06-16/audio/break.mp3
breakfast,/ˈbɹɛkfəst/,,"The first meal of the day, usually eaten in the morning.",You should put more protein in her breakfast so she will grow.,basic;dale-chall;pos:noun,resource-packs/basic-dale-chall-foundation-2026-06-16/audio/breakfast.mp3
breast,/bɹɛst/,,"Either of the two organs on the front of a female human's chest, which contain the mammary glands; also the analogous organs in males.",Tanya's breasts grew remarkably during pregnancy.,basic;dale-chall;pos:noun,resource-packs/basic-dale-chall-foundation-2026-06-16/audio/breast.mp3
breath,/bɹɛθ/,,The act or process of breathing.,I could hear the breath of the runner behind me.,basic;dale-chall;pos:noun,resource-packs/basic-dale-chall-foundation-2026-06-16/audio/breath.mp3
breathe,/bɹið/,,"To draw air into (inhale), and expel air from (exhale), the lungs in order to extract oxygen and excrete waste gases.",,basic;dale-chall;pos:verb,resource-packs/basic-dale-chall-foundation-2026-06-16/audio/breathe.mp3
breeze,/bɹiːz/,,"A light, gentle wind.",The breeze rustled the papers on her desk.,basic;dale-chall;pos:noun,resource-packs/basic-dale-chall-foundation-2026-06-16/audio/breeze.mp3
brick,/bɹɪk/,,"A hardened rectangular block of mud, clay etc., used for building.",This wall is made of bricks.,basic;dale-chall;pos:noun,resource-packs/basic-dale-chall-foundation-2026-06-16/audio/brick.mp3
bridge,/bɹɪd͡ʒ/,,A construction or natural feature that spans a divide.,,basic;dale-chall;pos:noun,resource-packs/basic-dale-chall-foundation-2026-06-16/audio/bridge.mp3
bright,/bɹaɪt/,,"An artist's brush used in oil and acrylic painting with a long ferrule and a flat, somewhat tapering bristle head.",,basic;dale-chall;pos:noun,resource-packs/basic-dale-chall-foundation-2026-06-16/audio/bright.mp3
brightness,/ˈbɹaɪtnəs/,,The quality of being bright.,,basic;dale-chall;pos:noun,resource-packs/basic-dale-chall-foundation-2026-06-16/audio/brightness.mp3
bring,/ˈbɹɪŋ/,,(ditransitive) To transport toward somebody/somewhere.,"Waiter, please bring me a single malt whiskey.",basic;dale-chall;pos:verb,resource-packs/basic-dale-chall-foundation-2026-06-16/audio/bring.mp3
broad,/bɹɔd/,,"A shallow lake, one of a number of bodies of water in eastern Norfolk and Suffolk.",,basic;dale-chall;pos:noun,resource-packs/basic-dale-chall-foundation-2026-06-16/audio/broad.mp3
broadcast,/ˈbɹɔdkæst/,,A transmission of a radio or television programme intended to be received by anyone with a receiver.,,basic;dale-chall;pos:noun,resource-packs/basic-dale-chall-foundation-2026-06-16/audio/broadcast.mp3
broke,/bɹoʊk/,,"To separate into two or more pieces, to fracture or crack, by a process that cannot easily be reversed for reassembly.","If the vase falls to the floor, it might break.",basic;dale-chall;pos:verb,resource-packs/basic-dale-chall-foundation-2026-06-16/audio/broke.mp3
broken,/ˈbɹəʊkən/,,"To separate into two or more pieces, to fracture or crack, by a process that cannot easily be reversed for reassembly.","If the vase falls to the floor, it might break.",basic;dale-chall;pos:verb,resource-packs/basic-dale-chall-foundation-2026-06-16/audio/broken.mp3
brook,/bɹʊk/,,To use; enjoy; have the full employment of.,,basic;dale-chall;pos:verb,resource-packs/basic-dale-chall-foundation-2026-06-16/audio/brook.mp3
broom,/bɹuːm/,,"A domestic utensil with fibers bound together at the end of a long handle, used for sweeping.",,basic;dale-chall;pos:noun,resource-packs/basic-dale-chall-foundation-2026-06-16/audio/broom.mp3
brother,/ˈbɹʌðɚ/,,Son of the same parents as another person.,,basic;dale-chall;pos:noun,resource-packs/basic-dale-chall-foundation-2026-06-16/audio/brother.mp3
brought,/bɹɔːt/,,(ditransitive) To transport toward somebody/somewhere.,"Waiter, please bring me a single malt whiskey.",basic;dale-chall;pos:verb,resource-packs/basic-dale-chall-foundation-2026-06-16/audio/brought.mp3
brown,/bɹaʊn/,,A colour like that of chocolate or coffee.,The browns and greens in this painting give it a nice woodsy feel.,basic;dale-chall;pos:noun,resource-packs/basic-dale-chall-foundation-2026-06-16/audio/brown.mp3
brush,/bɹʌʃ/,,"An implement consisting of multiple more or less flexible bristles or other filaments attached to a handle, used for any of various purposes including cleaning, painting, and arranging hair.",,basic;dale-chall;pos:noun,resource-packs/basic-dale-chall-foundation-2026-06-16/audio/brush.mp3
bubble,/ˈbʌb.əl/,,"A spherically contained volume of air or other gas, especially one made from soapy liquid.",,basic;dale-chall;pos:noun,resource-packs/basic-dale-chall-foundation-2026-06-16/audio/bubble.mp3
bucket,/ˈbʌkɪt/,,"A container made of rigid material, often with a handle, used to carry liquids or small items.",I need a bucket to carry the water from the well.,basic;dale-chall;pos:noun,resource-packs/basic-dale-chall-foundation-2026-06-16/audio/bucket.mp3
buckle,/ˈbʌk(ə)l/,,"To distort or collapse under physical pressure; especially, of a slender structure in compression.",,basic;dale-chall;pos:verb,resource-packs/basic-dale-chall-foundation-2026-06-16/audio/buckle.mp3
bud,/bʌd/,,A newly sprouted leaf or blossom that has not yet unfolded.,"After a long, cold winter, the trees finally began to produce buds.",basic;dale-chall;pos:noun,resource-packs/basic-dale-chall-foundation-2026-06-16/audio/bud.mp3
